id,title,company,description,location,salary,source_type,fraudulent,ai_generated,generation_method,provenance,generation_date,prompt_template_id
controlled-001,Operations Coordinator,Example Research Cooperative,"The team is seeking an operations coordinator to support scheduling, vendor communication, and process documentation. The successful candidate will collaborate with colleagues, maintain clear records, and improve routine workflows.",Remote,"$70,000-$90,000",controlled_synthetic_corpus,0,1,deterministic_template_v1,Generated from a deterministic template for this research corpus; no real person or organization.,2026-10-01,ai_legitimate_v1
controlled-002,Operations Coordinator,Example Research Cooperative,"The team is seeking an operations coordinator to support scheduling, vendor communication, and process documentation. The successful candidate will collaborate with colleagues, maintain clear records, and improve routine workflows.",Remote,"$70,000-$90,000",controlled_synthetic_corpus,0,1,deterministic_template_v1,Generated from a deterministic template for this research corpus; no real person or organization.,2026-10-01,ai_legitimate_v1
controlled-003,Operations Coordinator,Example Research Cooperative,"The team is seeking an operations coordinator to support scheduling, vendor communication, and process documentation. The successful candidate will collaborate with colleagues, maintain clear records, and improve routine workflows.",Remote,"$70,000-$90,000",controlled_synthetic_corpus,0,1,deterministic_template_v1,Generated from a deterministic template for this research corpus; no real person or organization.,2026-10-01,ai_legitimate_v1
controlled-004,Operations Coordinator,Example Research Cooperative,"The team is seeking an operations coordinator to support scheduling, vendor communication, and process documentation. The successful candidate will collaborate with colleagues, maintain clear records, and improve routine workflows.",Remote,"$70,000-$90,000",controlled_synthetic_corpus,0,1,deterministic_template_v1,Generated from a deterministic template for this research corpus; no real person or organization.,2026-10-01,ai_legitimate_v1
controlled-005,Operations Coordinator,Example Research Cooperative,"The team is seeking an operations coordinator to support scheduling, vendor communication, and process documentation. The successful candidate will collaborate with colleagues, maintain clear records, and improve routine workflows.",Remote,"$70,000-$90,000",controlled_synthetic_corpus,0,1,deterministic_template_v1,Generated from a deterministic template for this research corpus; no real person or organization.,2026-10-01,ai_legitimate_v1
controlled-006,Operations Coordinator,Example Research Cooperative,"The team is seeking an operations coordinator to support scheduling, vendor communication, and process documentation. The successful candidate will collaborate with colleagues, maintain clear records, and improve routine workflows.",Remote,"$70,000-$90,000",controlled_synthetic_corpus,0,1,deterministic_template_v1,Generated from a deterministic template for this research corpus; no real person or organization.,2026-10-01,ai_legitimate_v1
controlled-007,Operations Coordinator,Example Research Cooperative,"The team is seeking an operations coordinator to support scheduling, vendor communication, and process documentation. The successful candidate will collaborate with colleagues, maintain clear records, and improve routine workflows.",Remote,"$70,000-$90,000",controlled_synthetic_corpus,0,1,deterministic_template_v1,Generated from a deterministic template for this research corpus; no real person or organization.,2026-10-01,ai_legitimate_v1
controlled-008,Operations Coordinator,Example Research Cooperative,"The team is seeking an operations coordinator to support scheduling, vendor communication, and process documentation. The successful candidate will collaborate with colleagues, maintain clear records, and improve routine workflows.",Remote,"$70,000-$90,000",controlled_synthetic_corpus,0,1,deterministic_template_v1,Generated from a deterministic template for this research corpus; no real person or organization.,2026-10-01,ai_legitimate_v1
controlled-009,Operations Coordinator,Example Research Cooperative,"The team is seeking an operations coordinator to support scheduling, vendor communication, and process documentation. The successful candidate will collaborate with colleagues, maintain clear records, and improve routine workflows.",Remote,"$70,000-$90,000",controlled_synthetic_corpus,0,1,deterministic_template_v1,Generated from a deterministic template for this research corpus; no real person or organization.,2026-10-01,ai_legitimate_v1
controlled-010,Operations Coordinator,Example Research Cooperative,"The team is seeking an operations coordinator to support scheduling, vendor communication, and process documentation. The successful candidate will collaborate with colleagues, maintain clear records, and improve routine workflows.",Remote,"$70,000-$90,000",controlled_synthetic_corpus,0,1,deterministic_template_v1,Generated from a deterministic template for this research corpus; no real person or organization.,2026-10-01,ai_legitimate_v1
controlled-011,Remote Hiring Coordinator,Synthetic Hiring Scenario,We are seeking motivated remote applicants for immediate placement. Successful candidates will receive guaranteed daily payments after completing a small registration step. Contact the fictional hiring desk for onboarding details.,Remote,"$2,000 per day",controlled_synthetic_corpus,1,1,deterministic_template_v1,Generated from a deterministic template for this research corpus; no real person or organization.,2026-10-01,ai_fraudulent_v1
controlled-012,Remote Hiring Coordinator,Synthetic Hiring Scenario,We are seeking motivated remote applicants for immediate placement. Successful candidates will receive guaranteed daily payments after completing a small registration step. Contact the fictional hiring desk for onboarding details.,Remote,"$2,000 per day",controlled_synthetic_corpus,1,1,deterministic_template_v1,Generated from a deterministic template for this research corpus; no real person or organization.,2026-10-01,ai_fraudulent_v1
controlled-013,Remote Hiring Coordinator,Synthetic Hiring Scenario,We are seeking motivated remote applicants for immediate placement. Successful candidates will receive guaranteed daily payments after completing a small registration step. Contact the fictional hiring desk for onboarding details.,Remote,"$2,000 per day",controlled_synthetic_corpus,1,1,deterministic_template_v1,Generated from a deterministic template for this research corpus; no real person or organization.,2026-10-01,ai_fraudulent_v1
controlled-014,Remote Hiring Coordinator,Synthetic Hiring Scenario,We are seeking motivated remote applicants for immediate placement. Successful candidates will receive guaranteed daily payments after completing a small registration step. Contact the fictional hiring desk for onboarding details.,Remote,"$2,000 per day",controlled_synthetic_corpus,1,1,deterministic_template_v1,Generated from a deterministic template for this research corpus; no real person or organization.,2026-10-01,ai_fraudulent_v1
controlled-015,Remote Hiring Coordinator,Synthetic Hiring Scenario,We are seeking motivated remote applicants for immediate placement. Successful candidates will receive guaranteed daily payments after completing a small registration step. Contact the fictional hiring desk for onboarding details.,Remote,"$2,000 per day",controlled_synthetic_corpus,1,1,deterministic_template_v1,Generated from a deterministic template for this research corpus; no real person or organization.,2026-10-01,ai_fraudulent_v1
controlled-016,Remote Hiring Coordinator,Synthetic Hiring Scenario,We are seeking motivated remote applicants for immediate placement. Successful candidates will receive guaranteed daily payments after completing a small registration step. Contact the fictional hiring desk for onboarding details.,Remote,"$2,000 per day",controlled_synthetic_corpus,1,1,deterministic_template_v1,Generated from a deterministic template for this research corpus; no real person or organization.,2026-10-01,ai_fraudulent_v1
controlled-017,Remote Hiring Coordinator,Synthetic Hiring Scenario,We are seeking motivated remote applicants for immediate placement. Successful candidates will receive guaranteed daily payments after completing a small registration step. Contact the fictional hiring desk for onboarding details.,Remote,"$2,000 per day",controlled_synthetic_corpus,1,1,deterministic_template_v1,Generated from a deterministic template for this research corpus; no real person or organization.,2026-10-01,ai_fraudulent_v1
controlled-018,Remote Hiring Coordinator,Synthetic Hiring Scenario,We are seeking motivated remote applicants for immediate placement. Successful candidates will receive guaranteed daily payments after completing a small registration step. Contact the fictional hiring desk for onboarding details.,Remote,"$2,000 per day",controlled_synthetic_corpus,1,1,deterministic_template_v1,Generated from a deterministic template for this research corpus; no real person or organization.,2026-10-01,ai_fraudulent_v1
controlled-019,Remote Hiring Coordinator,Synthetic Hiring Scenario,We are seeking motivated remote applicants for immediate placement. Successful candidates will receive guaranteed daily payments after completing a small registration step. Contact the fictional hiring desk for onboarding details.,Remote,"$2,000 per day",controlled_synthetic_corpus,1,1,deterministic_template_v1,Generated from a deterministic template for this research corpus; no real person or organization.,2026-10-01,ai_fraudulent_v1
controlled-020,Remote Hiring Coordinator,Synthetic Hiring Scenario,We are seeking motivated remote applicants for immediate placement. Successful candidates will receive guaranteed daily payments after completing a small registration step. Contact the fictional hiring desk for onboarding details.,Remote,"$2,000 per day",controlled_synthetic_corpus,1,1,deterministic_template_v1,Generated from a deterministic template for this research corpus; no real person or organization.,2026-10-01,ai_fraudulent_v1
controlled-021,Operations Coordinator,Example Research Cooperative,"We need someone organized to keep our small operations team on track. You will book meetings, follow up with suppliers, and tidy up our shared records. There is room to learn the business and take on more responsibility.",Remote,"$70,000-$90,000",controlled_synthetic_corpus,0,0,researcher_authored_template_v1,Manually authored control text by the project researcher; no real person or organization.,2026-10-01,human_legitimate_v1
controlled-022,Operations Coordinator,Example Research Cooperative,"We need someone organized to keep our small operations team on track. You will book meetings, follow up with suppliers, and tidy up our shared records. There is room to learn the business and take on more responsibility.",Remote,"$70,000-$90,000",controlled_synthetic_corpus,0,0,researcher_authored_template_v1,Manually authored control text by the project researcher; no real person or organization.,2026-10-01,human_legitimate_v1
controlled-023,Operations Coordinator,Example Research Cooperative,"We need someone organized to keep our small operations team on track. You will book meetings, follow up with suppliers, and tidy up our shared records. There is room to learn the business and take on more responsibility.",Remote,"$70,000-$90,000",controlled_synthetic_corpus,0,0,researcher_authored_template_v1,Manually authored control text by the project researcher; no real person or organization.,2026-10-01,human_legitimate_v1
controlled-024,Operations Coordinator,Example Research Cooperative,"We need someone organized to keep our small operations team on track. You will book meetings, follow up with suppliers, and tidy up our shared records. There is room to learn the business and take on more responsibility.",Remote,"$70,000-$90,000",controlled_synthetic_corpus,0,0,researcher_authored_template_v1,Manually authored control text by the project researcher; no real person or organization.,2026-10-01,human_legitimate_v1
controlled-025,Operations Coordinator,Example Research Cooperative,"We need someone organized to keep our small operations team on track. You will book meetings, follow up with suppliers, and tidy up our shared records. There is room to learn the business and take on more responsibility.",Remote,"$70,000-$90,000",controlled_synthetic_corpus,0,0,researcher_authored_template_v1,Manually authored control text by the project researcher; no real person or organization.,2026-10-01,human_legitimate_v1
controlled-026,Operations Coordinator,Example Research Cooperative,"We need someone organized to keep our small operations team on track. You will book meetings, follow up with suppliers, and tidy up our shared records. There is room to learn the business and take on more responsibility.",Remote,"$70,000-$90,000",controlled_synthetic_corpus,0,0,researcher_authored_template_v1,Manually authored control text by the project researcher; no real person or organization.,2026-10-01,human_legitimate_v1
controlled-027,Operations Coordinator,Example Research Cooperative,"We need someone organized to keep our small operations team on track. You will book meetings, follow up with suppliers, and tidy up our shared records. There is room to learn the business and take on more responsibility.",Remote,"$70,000-$90,000",controlled_synthetic_corpus,0,0,researcher_authored_template_v1,Manually authored control text by the project researcher; no real person or organization.,2026-10-01,human_legitimate_v1
controlled-028,Operations Coordinator,Example Research Cooperative,"We need someone organized to keep our small operations team on track. You will book meetings, follow up with suppliers, and tidy up our shared records. There is room to learn the business and take on more responsibility.",Remote,"$70,000-$90,000",controlled_synthetic_corpus,0,0,researcher_authored_template_v1,Manually authored control text by the project researcher; no real person or organization.,2026-10-01,human_legitimate_v1
controlled-029,Operations Coordinator,Example Research Cooperative,"We need someone organized to keep our small operations team on track. You will book meetings, follow up with suppliers, and tidy up our shared records. There is room to learn the business and take on more responsibility.",Remote,"$70,000-$90,000",controlled_synthetic_corpus,0,0,researcher_authored_template_v1,Manually authored control text by the project researcher; no real person or organization.,2026-10-01,human_legitimate_v1
controlled-030,Operations Coordinator,Example Research Cooperative,"We need someone organized to keep our small operations team on track. You will book meetings, follow up with suppliers, and tidy up our shared records. There is room to learn the business and take on more responsibility.",Remote,"$70,000-$90,000",controlled_synthetic_corpus,0,0,researcher_authored_template_v1,Manually authored control text by the project researcher; no real person or organization.,2026-10-01,human_legitimate_v1
controlled-031,Remote Hiring Coordinator,Synthetic Hiring Scenario,"This fictional advert describes a risky offer: unusually high pay, no experience needed, and a request for an upfront registration payment. It is included only as a controlled synthetic fraud scenario, not as a real opportunity.",Remote,"$2,000 per day",controlled_synthetic_corpus,1,0,researcher_authored_template_v1,Manually authored control text by the project researcher; no real person or organization.,2026-10-01,human_fraudulent_v1
controlled-032,Remote Hiring Coordinator,Synthetic Hiring Scenario,"This fictional advert describes a risky offer: unusually high pay, no experience needed, and a request for an upfront registration payment. It is included only as a controlled synthetic fraud scenario, not as a real opportunity.",Remote,"$2,000 per day",controlled_synthetic_corpus,1,0,researcher_authored_template_v1,Manually authored control text by the project researcher; no real person or organization.,2026-10-01,human_fraudulent_v1
controlled-033,Remote Hiring Coordinator,Synthetic Hiring Scenario,"This fictional advert describes a risky offer: unusually high pay, no experience needed, and a request for an upfront registration payment. It is included only as a controlled synthetic fraud scenario, not as a real opportunity.",Remote,"$2,000 per day",controlled_synthetic_corpus,1,0,researcher_authored_template_v1,Manually authored control text by the project researcher; no real person or organization.,2026-10-01,human_fraudulent_v1
controlled-034,Remote Hiring Coordinator,Synthetic Hiring Scenario,"This fictional advert describes a risky offer: unusually high pay, no experience needed, and a request for an upfront registration payment. It is included only as a controlled synthetic fraud scenario, not as a real opportunity.",Remote,"$2,000 per day",controlled_synthetic_corpus,1,0,researcher_authored_template_v1,Manually authored control text by the project researcher; no real person or organization.,2026-10-01,human_fraudulent_v1
controlled-035,Remote Hiring Coordinator,Synthetic Hiring Scenario,"This fictional advert describes a risky offer: unusually high pay, no experience needed, and a request for an upfront registration payment. It is included only as a controlled synthetic fraud scenario, not as a real opportunity.",Remote,"$2,000 per day",controlled_synthetic_corpus,1,0,researcher_authored_template_v1,Manually authored control text by the project researcher; no real person or organization.,2026-10-01,human_fraudulent_v1
controlled-036,Remote Hiring Coordinator,Synthetic Hiring Scenario,"This fictional advert describes a risky offer: unusually high pay, no experience needed, and a request for an upfront registration payment. It is included only as a controlled synthetic fraud scenario, not as a real opportunity.",Remote,"$2,000 per day",controlled_synthetic_corpus,1,0,researcher_authored_template_v1,Manually authored control text by the project researcher; no real person or organization.,2026-10-01,human_fraudulent_v1
controlled-037,Remote Hiring Coordinator,Synthetic Hiring Scenario,"This fictional advert describes a risky offer: unusually high pay, no experience needed, and a request for an upfront registration payment. It is included only as a controlled synthetic fraud scenario, not as a real opportunity.",Remote,"$2,000 per day",controlled_synthetic_corpus,1,0,researcher_authored_template_v1,Manually authored control text by the project researcher; no real person or organization.,2026-10-01,human_fraudulent_v1
controlled-038,Remote Hiring Coordinator,Synthetic Hiring Scenario,"This fictional advert describes a risky offer: unusually high pay, no experience needed, and a request for an upfront registration payment. It is included only as a controlled synthetic fraud scenario, not as a real opportunity.",Remote,"$2,000 per day",controlled_synthetic_corpus,1,0,researcher_authored_template_v1,Manually authored control text by the project researcher; no real person or organization.,2026-10-01,human_fraudulent_v1
controlled-039,Remote Hiring Coordinator,Synthetic Hiring Scenario,"This fictional advert describes a risky offer: unusually high pay, no experience needed, and a request for an upfront registration payment. It is included only as a controlled synthetic fraud scenario, not as a real opportunity.",Remote,"$2,000 per day",controlled_synthetic_corpus,1,0,researcher_authored_template_v1,Manually authored control text by the project researcher; no real person or organization.,2026-10-01,human_fraudulent_v1
controlled-040,Remote Hiring Coordinator,Synthetic Hiring Scenario,"This fictional advert describes a risky offer: unusually high pay, no experience needed, and a request for an upfront registration payment. It is included only as a controlled synthetic fraud scenario, not as a real opportunity.",Remote,"$2,000 per day",controlled_synthetic_corpus,1,0,researcher_authored_template_v1,Manually authored control text by the project researcher; no real person or organization.,2026-10-01,human_fraudulent_v1
