title,company,description,requirements,benefits,salary,location,email,website,application_url,employment_type,experience,fraud_label,ai_label,source
"Senior Data Scientist","Northwind Labs","We are hiring a senior data scientist to build explainable ML pipelines and production monitoring systems. The role includes experimentation, model evaluation, and stakeholder communication.","Python, SQL, machine learning, statistics, experimentation, communication","Health insurance, remote flexibility, annual learning budget, pension plan","$130000 - $170000","Remote, US","jobs@northwindlabs.com","https://northwindlabs.com","https://northwindlabs.com/careers/senior-data-scientist","Full-time","5+ years",0,0,"demo"
"Frontend Engineer","Beacon Studio","We are looking for a frontend engineer to build accessible customer-facing dashboards and improve performance. Candidates should collaborate closely with product and design teams.","JavaScript, React, accessibility, performance tuning, testing","Flexible hours, stock options, office in Brooklyn","$110000 - $140000","New York, NY","hello@beaconstudio.io","https://beaconstudio.io","https://beaconstudio.io/jobs/frontend-engineer","Full-time","3+ years",0,1,"demo"
"Customer Support Specialist","Summit Care","Join our support team and help customers with onboarding and account troubleshooting. We provide a friendly environment and a chance to grow within the company.","Customer service, email support, problem solving, empathy","Bonus scheme, paid leave, wellness benefits","$45000 - $60000","Austin, TX","support@summitcare.com","https://summitcare.com","https://summitcare.com/careers/support-specialist","Full-time","1+ years",0,0,"demo"
"AI Product Manager","Cinder Cloud","The AI product manager drives roadmap planning and cross-functional execution for our generative AI features. We are seeking someone with strong product judgment and technical understanding.","Product management, AI strategy, analytics, stakeholder management, agile","401k match, remote stipend, team offsites","$140000 - $180000","Remote, Global","apply@cindercloud.ai","https://cindercloud.ai","https://cindercloud.ai/careers/ai-product-manager","Full-time","4+ years",0,1,"demo"
"Finance Analyst","Horizon Group","We are hiring a finance analyst to work on forecasting, variance analysis, and strategic planning. The role supports executive decision-making and process improvement.","Excel, financial modeling, forecasting, SQL, communication","Stock equity, wellness benefits, training support","$80000 - $100000","Chicago, IL","careers@horizongroup.com","https://horizongroup.com","https://horizongroup.com/jobs/finance-analyst","Full-time","2+ years",0,0,"demo"
"Urgent Hiring Data Entry Clerk","FastCashNow","Urgent hiring now! We need data entry clerks immediately. Work from home and start today. No experience needed. Applicants must pay a small registration fee and send bank details to begin your onboarding.","Data entry, typing, internet, willingness to work remotely","Quick onboarding, flexible schedule","$2000 - $5000 per day","Remote","applyfastcashnow@gmail.com","https://fastcashnow.xyz","https://fastcashnow.xyz/register","Contract","No experience required",1,1,"demo"
"Remote Recruitment Officer","Global Talent Hub","We are currently recruiting for a remote recruitment officer. Work remotely and contact us through WhatsApp for immediate interview scheduling. We need someone for a large international company.","Communication, scheduling, outreach, sales","Commission based, flexible remote work","$15000 - $30000","Remote","recruiters@globaltalenthub.net","https://globaltalenthub.net","https://globaltalenthub.net/apply","Part-time","Entry level",1,1,"demo"
"Operations Manager","Lattice Works","We are seeking an operations manager to oversee warehouse planning, vendor coordination, and continuous improvement initiatives across facilities.","Operations, process improvement, vendor management, budgeting","Healthcare, annual bonus, commute support","$95000 - $120000","Denver, CO","ops@latticeworks.co","https://latticeworks.co","https://latticeworks.co/careers/ops-manager","Full-time","5+ years",0,0,"demo"
"Marketing Strategist","Verve Studio","Our marketing strategist role focuses on brand planning, campaign measurement, and customer growth across digital channels. We want someone analytical and collaborative.","Marketing strategy, analytics, campaign management, SEO, A/B testing","Bonus, remote work, learning budget","$75000 - $90000","Boston, MA","team@vervestudio.com","https://vervestudio.com","https://vervestudio.com/jobs/marketing-strategist","Full-time","2+ years",0,1,"demo"
"Digital Marketing Manager","BrightWave","We are hiring a digital marketing manager to improve our SEO, paid media, and CRM lifecycle strategy. The candidate will develop data-driven programs and collaborate with sales teams.","SEO, digital marketing, analytics, conversion testing, CRM","Health insurance, performance bonus, remote policy","$85000 - $115000","Seattle, WA","jobs@brightwave.co","https://brightwave.co","https://brightwave.co/careers/digital-marketing-manager","Full-time","3+ years",0,0,"demo"
"Private Investment Manager","Luxe Capital","An executive opportunity for a private investment manager. Interested candidates must deposit a registration fee, send copies of ID and bank account details, and continue communication via Telegram. Immediate start and weekly payouts guaranteed.","Finance, compliance, investor relations, communication","Guaranteed weekly payouts, VIP access","$50000 - $150000","Remote","luxe-captial@proton.me","https://luxecapital-now.com","https://luxecapital-now.com/investment-manager","Contract","No prior required",1,1,"demo"
"Software Engineer","Northstar Digital","We are looking for a software engineer to build secure backend systems and modern web experiences. The candidate will work with product designers and QA engineers to deliver reliable software.","Python, JavaScript, backend systems, APIs, testing, cloud","Flexible work, learning stipend, equity, parental leave","$115000 - $145000","Remote, US","career@northstardigital.com","https://northstardigital.com","https://northstardigital.com/careers/software-engineer","Full-time","3+ years",0,0,"demo"
